{
  "initial_input": [0.1, 0.4, 0.2, 0.3],
  "layer_1_input": [0.1, 0.4, 0.2, 0.3],
  "layer_1_output": [0.2834712846577728, 0.8084215975263345, 0.8297564116110709, 0.8310475093917565],
  "layer_2_input": [0.2834712846577728, 0.8084215975263345, 0.8297564116110709, 0.8310475093917565],
  "layer_2_output": [0.39885656344909015, 0.7623308864697881, 0.9571873934007566],
  "layer_3_input": [0.39885656344909015, 0.7623308864697881, 0.9571873934007566],
  "layer_3_output": [0.21163630011527299, 0.47340417833169396],
  "final_output": [0.21163630011527299, 0.47340417833169396]
}